{
    "epoch": 20.0,
    "eval_accuracy": 88.72549019607843,
    "eval_average_metrics": 90.08765216123624,
    "eval_f1": 91.44981412639406,
    "eval_loss": 0.1351175159215927,
    "eval_runtime": 6.1503,
    "eval_samples_per_second": 33.169,
    "peak_memory": 5.1396640625,
    "test_accuracy": 90.19607843137256,
    "test_average_metrics": 91.57691245512291,
    "test_f1": 92.95774647887325,
    "test_loss": 0.1068868413567543,
    "test_runtime": 6.22,
    "test_samples_per_second": 32.798,
    "train_runtime": 2735.4574,
    "train_samples": 3668,
    "train_samples_per_second": 1.345
}